split,filename
train,111044.jpg
train,067554.jpg
train,159224.jpg
train,002029.jpg
train,126480.jpg
train,105026.jpg
train,102627.jpg
train,046188.jpg
train,099432.jpg
train,116969.jpg
train,003226.jpg
train,068862.jpg
train,161351.jpg
train,153716.jpg
train,174911.jpg
train,079446.jpg
train,079497.jpg
train,105102.jpg
train,156275.jpg
train,091325.jpg
val,022739.jpg
train,174978.jpg
train,170218.jpg
train,158953.jpg
train,049318.jpg
train,009780.jpg
train,007276.jpg
train,095557.jpg
train,037463.jpg
train,087888.jpg
test,154345.jpg
train,200857.jpg
test,074326.jpg
test,073631.jpg
val,000125.jpg
train,083637.jpg
train,194772.jpg
train,047279.jpg
train,173567.jpg
train,028791.jpg
train,013296.jpg
train,180221.jpg
train,149013.jpg
train,048574.jpg
train,100936.jpg
train,202211.jpg
train,012506.jpg
test,193693.jpg
train,125219.jpg
train,188243.jpg
train,137810.jpg
test,155336.jpg
train,168009.jpg
val,067205.jpg
val,096497.jpg
train,095855.jpg
train,128104.jpg
test,046421.jpg
val,063902.jpg
test,081885.jpg
train,101838.jpg
train,114743.jpg
train,004978.jpg
train,096065.jpg
val,028668.jpg
train,121057.jpg
train,028514.jpg
train,166519.jpg
train,122232.jpg
train,177882.jpg
train,016771.jpg
train,176859.jpg
val,090254.jpg
train,173868.jpg
train,009247.jpg
train,090227.jpg
train,097025.jpg
test,054460.jpg
train,029779.jpg
train,179940.jpg
train,004313.jpg
train,152640.jpg
train,024423.jpg
train,138226.jpg
train,123017.jpg
train,032682.jpg
train,147310.jpg
train,150210.jpg
train,075020.jpg
train,172223.jpg
train,119090.jpg
val,000327.jpg
val,074207.jpg
test,174057.jpg
train,045416.jpg
train,198724.jpg
train,143454.jpg
test,017519.jpg
train,048920.jpg
train,146498.jpg
train,100392.jpg
test,115007.jpg
train,191806.jpg
train,152728.jpg
train,014121.jpg
train,085059.jpg
train,107380.jpg
train,109546.jpg
val,183068.jpg
train,182418.jpg
test,046725.jpg
train,099217.jpg
train,101131.jpg
train,037500.jpg
train,018913.jpg
train,151174.jpg
train,197315.jpg
train,191475.jpg
train,174707.jpg
train,195963.jpg
train,155139.jpg
train,202152.jpg
train,082904.jpg
test,017792.jpg
train,194778.jpg
train,115484.jpg
train,053879.jpg
train,127264.jpg
train,092011.jpg
train,164182.jpg
train,015554.jpg
test,001205.jpg
test,121607.jpg
train,052469.jpg
train,166987.jpg
train,061765.jpg
train,011020.jpg
train,145761.jpg
train,040684.jpg
train,173818.jpg
train,077177.jpg
train,108616.jpg
train,179778.jpg
test,004173.jpg
train,132842.jpg
train,023296.jpg
train,144394.jpg
test,129470.jpg
train,052983.jpg
train,133318.jpg
train,187220.jpg
train,108911.jpg
train,092255.jpg
train,011164.jpg
test,068354.jpg
train,003982.jpg
train,194985.jpg
train,185237.jpg
train,134793.jpg
train,072970.jpg
train,027637.jpg
train,188560.jpg
train,200449.jpg
train,104304.jpg
train,124915.jpg
train,172847.jpg
train,082258.jpg
train,154565.jpg
train,067227.jpg
train,165253.jpg
train,031325.jpg
train,076101.jpg
train,055913.jpg
train,114952.jpg
train,040589.jpg
train,046394.jpg
train,076237.jpg
train,069229.jpg
train,082154.jpg
train,103968.jpg
train,051301.jpg
train,010069.jpg
train,063132.jpg
train,065592.jpg
train,012775.jpg
train,202190.jpg
train,120753.jpg
train,177758.jpg
train,090141.jpg
train,024553.jpg
train,003005.jpg
train,174697.jpg
train,076100.jpg
train,085343.jpg
train,064341.jpg
train,001013.jpg
train,050284.jpg
test,163824.jpg
train,191504.jpg
train,061747.jpg
train,059435.jpg
train,147201.jpg
train,036299.jpg
train,077126.jpg
val,021191.jpg
train,168689.jpg
train,080100.jpg
train,197696.jpg
train,010594.jpg
train,003509.jpg
train,010132.jpg
train,151680.jpg
train,082396.jpg
train,153550.jpg
train,183990.jpg
train,163844.jpg
train,103910.jpg
train,032095.jpg
val,177371.jpg
train,027473.jpg
train,045646.jpg
test,049841.jpg
test,147325.jpg
train,084423.jpg
train,181042.jpg
train,058971.jpg
train,138325.jpg
test,100184.jpg
train,024343.jpg
train,010611.jpg
train,026924.jpg
train,072445.jpg
train,180819.jpg
train,151754.jpg
test,065027.jpg
train,041555.jpg
train,148308.jpg
train,034464.jpg
train,056466.jpg
train,109305.jpg
train,034924.jpg
train,135463.jpg
val,000483.jpg
train,021357.jpg
test,044458.jpg
test,187566.jpg
train,008573.jpg
test,145390.jpg
train,187332.jpg
train,130806.jpg
train,062460.jpg
train,029192.jpg
train,192222.jpg
train,099198.jpg
train,136037.jpg
train,184473.jpg
train,100054.jpg
train,196380.jpg
train,093716.jpg
train,169996.jpg
test,114778.jpg
train,173916.jpg
train,003467.jpg
train,137890.jpg
train,090680.jpg
train,022504.jpg
test,062850.jpg
train,053157.jpg
train,174629.jpg
test,190291.jpg
train,075696.jpg
train,138081.jpg
train,173285.jpg
train,195557.jpg
train,164664.jpg
train,001740.jpg
train,171401.jpg
train,146543.jpg
train,188234.jpg
train,063779.jpg
train,061479.jpg
train,000536.jpg
val,180168.jpg
val,193527.jpg
train,067919.jpg
train,051706.jpg
train,061152.jpg
train,065342.jpg
train,048987.jpg
val,152047.jpg
test,028451.jpg
train,036429.jpg
train,120350.jpg
train,050748.jpg
train,088772.jpg
train,189926.jpg
train,080290.jpg
train,050074.jpg
train,103845.jpg
train,104484.jpg
train,068058.jpg
train,163924.jpg
train,120095.jpg
train,143823.jpg
train,134886.jpg
train,041017.jpg
train,058181.jpg
train,053126.jpg
train,156418.jpg
train,163245.jpg
train,165446.jpg
train,147099.jpg
train,089159.jpg
train,017729.jpg
train,058584.jpg
train,123724.jpg
train,102300.jpg
train,185904.jpg
val,132679.jpg
train,053651.jpg
train,028484.jpg
train,184602.jpg
train,188913.jpg
train,118482.jpg
val,118087.jpg
val,011744.jpg
train,183192.jpg
val,045313.jpg
val,009502.jpg
train,144973.jpg
train,184756.jpg
train,131386.jpg
train,161736.jpg
val,084911.jpg
train,134488.jpg
train,122277.jpg
train,176557.jpg
train,025739.jpg
train,178739.jpg
train,189813.jpg
train,068692.jpg
train,099767.jpg
train,120683.jpg
train,157385.jpg
train,015139.jpg
train,199717.jpg
train,167025.jpg
train,049658.jpg
val,024714.jpg
train,077940.jpg
train,086868.jpg
train,028148.jpg
val,000941.jpg
train,099065.jpg
train,083333.jpg
train,171333.jpg
train,042086.jpg
train,004715.jpg
train,078917.jpg
train,042014.jpg
train,047617.jpg
test,112422.jpg
train,048042.jpg
train,122732.jpg
train,029027.jpg
train,134563.jpg
val,125369.jpg
val,005203.jpg
train,081063.jpg
train,008936.jpg
train,100896.jpg
train,064985.jpg
train,167868.jpg
train,107196.jpg
train,186584.jpg
train,104548.jpg
train,023469.jpg
train,093352.jpg
train,032695.jpg
train,021010.jpg
train,083220.jpg
train,117065.jpg
train,178000.jpg
train,185553.jpg
train,173377.jpg
train,056468.jpg
train,105726.jpg
train,088268.jpg
train,062409.jpg
train,146656.jpg
train,087114.jpg
train,178814.jpg
train,026803.jpg
train,092657.jpg
train,180263.jpg
train,145993.jpg
train,110030.jpg
train,129378.jpg
train,111756.jpg
train,134312.jpg
val,086524.jpg
val,135449.jpg
train,025434.jpg
test,188801.jpg
train,166949.jpg
train,041812.jpg
val,101210.jpg
train,175860.jpg
train,055860.jpg
train,142426.jpg
train,101289.jpg
train,047999.jpg
val,071400.jpg
train,183323.jpg
train,062611.jpg
train,130583.jpg
train,026356.jpg
train,083668.jpg
train,046172.jpg
train,128047.jpg
train,162238.jpg
train,131319.jpg
train,172440.jpg
train,013956.jpg
train,165976.jpg
train,033764.jpg
train,043259.jpg
train,019244.jpg
val,034794.jpg
train,126848.jpg
train,114573.jpg
train,097810.jpg
train,009991.jpg
test,119784.jpg
train,059411.jpg
val,078634.jpg
train,128577.jpg
train,132371.jpg
train,089243.jpg
val,103740.jpg
train,181154.jpg
test,140500.jpg
train,059795.jpg
test,037629.jpg
val,041477.jpg
train,098406.jpg
train,025879.jpg
train,052717.jpg
train,097114.jpg
val,022160.jpg
train,121587.jpg
train,166328.jpg
val,076613.jpg
train,167529.jpg
train,082608.jpg
train,115691.jpg
train,036162.jpg
train,110743.jpg
train,064731.jpg
train,025089.jpg
train,036160.jpg
train,045864.jpg
train,022244.jpg
train,081354.jpg
train,008316.jpg
train,169803.jpg
train,119285.jpg
train,190786.jpg
train,099705.jpg
train,098153.jpg
train,011929.jpg
train,047634.jpg
train,190819.jpg
train,044889.jpg
test,118298.jpg
train,132417.jpg
train,122961.jpg
val,153951.jpg
train,177040.jpg
train,062005.jpg
train,011367.jpg
train,133087.jpg
test,036592.jpg
train,068563.jpg
train,124609.jpg
train,162306.jpg
train,079626.jpg
train,198424.jpg
train,017955.jpg
train,144873.jpg
train,047914.jpg
train,152447.jpg
test,031481.jpg
train,097918.jpg
val,097029.jpg
train,072793.jpg
train,085910.jpg
train,154018.jpg
test,089734.jpg
train,111557.jpg
train,052045.jpg
train,200868.jpg
val,139056.jpg
val,138470.jpg
train,033863.jpg
train,165402.jpg
train,031754.jpg
val,054548.jpg
train,012812.jpg
test,184025.jpg
test,068792.jpg
val,015855.jpg
train,052183.jpg
train,037499.jpg
train,078414.jpg
train,022673.jpg
train,100685.jpg
train,199358.jpg
train,162037.jpg
val,101469.jpg
val,072231.jpg
train,108767.jpg
train,110564.jpg
train,125323.jpg
train,099649.jpg
val,010872.jpg
train,000596.jpg
train,001556.jpg
train,177377.jpg
train,184078.jpg
train,033370.jpg
train,068318.jpg
train,115646.jpg
train,039752.jpg
test,163157.jpg
train,185793.jpg
val,091396.jpg
train,173536.jpg
train,161436.jpg
train,107634.jpg
train,050358.jpg
train,048859.jpg
train,027507.jpg
train,081229.jpg
train,051609.jpg
train,195167.jpg
train,085729.jpg
train,048310.jpg
test,195726.jpg
train,037250.jpg
train,064508.jpg
train,136463.jpg
train,136226.jpg
train,063815.jpg
train,112119.jpg
train,201536.jpg
train,155273.jpg
train,112234.jpg
train,093045.jpg
val,021035.jpg
train,185780.jpg
train,187154.jpg
test,085667.jpg
train,051547.jpg
train,058252.jpg
train,185302.jpg
val,141960.jpg
train,117461.jpg
train,040667.jpg
train,180077.jpg
val,056503.jpg
train,020680.jpg
train,070968.jpg
train,143859.jpg
train,149452.jpg
train,128952.jpg
test,069839.jpg
train,161294.jpg
train,046869.jpg
train,114156.jpg
train,024703.jpg
train,066880.jpg
train,120733.jpg
train,083208.jpg
train,128100.jpg
train,052332.jpg
val,090724.jpg
train,049697.jpg
train,125461.jpg
train,094060.jpg
test,166369.jpg
train,158484.jpg
test,153011.jpg
train,066184.jpg
train,168255.jpg
train,008550.jpg
val,170299.jpg
train,001327.jpg
train,179337.jpg
val,019280.jpg
train,182731.jpg
test,004620.jpg
train,193712.jpg
train,044015.jpg
train,105378.jpg
train,042031.jpg
train,182786.jpg
train,088544.jpg
train,044214.jpg
train,170618.jpg
train,135916.jpg
train,131090.jpg
train,084714.jpg
train,033744.jpg
train,141438.jpg
train,077347.jpg
train,087266.jpg
train,096142.jpg
train,018184.jpg
train,032823.jpg
test,043561.jpg
train,006645.jpg
train,092724.jpg
train,160380.jpg
train,000768.jpg
train,125094.jpg
train,177559.jpg
train,174743.jpg
train,143983.jpg
train,043888.jpg
train,079362.jpg
train,118279.jpg
train,103213.jpg
train,043318.jpg
train,116405.jpg
train,078153.jpg
train,047010.jpg
train,078234.jpg
train,141988.jpg
train,026036.jpg
train,001507.jpg
train,060150.jpg
train,010559.jpg
train,166571.jpg
train,167184.jpg
train,104331.jpg
train,111445.jpg
train,036138.jpg
train,056759.jpg
train,120288.jpg
train,067727.jpg
train,046338.jpg
train,000936.jpg
train,113906.jpg
train,041557.jpg
train,114708.jpg
train,012696.jpg
train,188369.jpg
train,021115.jpg
train,004710.jpg
train,111403.jpg
val,163128.jpg
train,164624.jpg
train,012964.jpg
train,077931.jpg
train,036714.jpg
test,054111.jpg
train,041180.jpg
train,060510.jpg
test,073680.jpg
train,148825.jpg
train,201778.jpg
test,086273.jpg
train,186979.jpg
train,107421.jpg
train,072569.jpg
train,149321.jpg
train,072782.jpg
train,148569.jpg
train,147308.jpg
train,083437.jpg
train,135017.jpg
train,134986.jpg
train,031595.jpg
train,066432.jpg
val,159559.jpg
train,131010.jpg
train,091643.jpg
test,106923.jpg
train,113533.jpg
train,138976.jpg
train,169321.jpg
train,056731.jpg
train,190538.jpg
train,125011.jpg
train,051572.jpg
train,188894.jpg
train,121055.jpg
test,135923.jpg
test,109724.jpg
test,096691.jpg
train,054191.jpg
val,063614.jpg
train,026422.jpg
train,186153.jpg
train,138350.jpg
train,054152.jpg
train,163486.jpg
train,108604.jpg
train,097922.jpg
train,050549.jpg
train,166403.jpg
train,135499.jpg
val,063651.jpg
train,186974.jpg
train,092460.jpg
train,073104.jpg
test,164034.jpg
train,010789.jpg
train,185450.jpg
val,019982.jpg
train,191001.jpg
val,165026.jpg
train,080701.jpg
train,145009.jpg
train,048484.jpg
test,150779.jpg
train,015701.jpg
test,059264.jpg
train,071933.jpg
val,034427.jpg
train,151285.jpg
train,039898.jpg
train,140257.jpg
train,139717.jpg
train,011112.jpg
test,165750.jpg
train,197283.jpg
train,132392.jpg
train,026021.jpg
train,110695.jpg
train,142694.jpg
train,081811.jpg
train,052607.jpg
train,121008.jpg
train,049232.jpg
train,177961.jpg
train,048149.jpg
train,139252.jpg
test,014681.jpg
train,138015.jpg
train,019593.jpg
train,129936.jpg
val,144239.jpg
train,195725.jpg
train,132871.jpg
train,184330.jpg
val,019346.jpg
train,044661.jpg
train,087363.jpg
train,066247.jpg
train,101429.jpg
val,084354.jpg
test,042101.jpg
train,176627.jpg
test,065547.jpg
train,046075.jpg
train,137193.jpg
train,081652.jpg
train,068296.jpg
test,023923.jpg
val,116061.jpg
train,033138.jpg
train,004021.jpg
train,007759.jpg
train,001066.jpg
train,058502.jpg
val,151221.jpg
train,009027.jpg
train,163442.jpg
train,192461.jpg
train,022052.jpg
train,086286.jpg
test,077731.jpg
train,003604.jpg
test,053381.jpg
train,110026.jpg
train,054202.jpg
val,158737.jpg
train,090524.jpg
train,060800.jpg
train,135651.jpg
train,011829.jpg
train,074762.jpg
train,022502.jpg
train,119370.jpg
test,102932.jpg
train,131143.jpg
train,018339.jpg
train,116866.jpg
train,138536.jpg
train,178613.jpg
train,073808.jpg
val,110625.jpg
train,049730.jpg
train,016275.jpg
train,192410.jpg
train,143349.jpg
test,052363.jpg
train,170641.jpg
train,042682.jpg
test,056178.jpg
train,123384.jpg
train,087837.jpg
val,063587.jpg
train,079531.jpg
val,140000.jpg
train,120403.jpg
train,119887.jpg
train,163692.jpg
train,174316.jpg
train,058730.jpg
val,056856.jpg
train,061554.jpg
test,094807.jpg
train,156695.jpg
train,129453.jpg
train,171410.jpg
train,090567.jpg
val,148083.jpg
train,124295.jpg
train,178754.jpg
test,131654.jpg
train,073500.jpg
train,025119.jpg
train,178682.jpg
train,186174.jpg
train,172384.jpg
train,122740.jpg
train,084162.jpg
train,130526.jpg
train,187093.jpg
train,125859.jpg
train,097108.jpg
train,141519.jpg
train,153779.jpg
train,084548.jpg
train,012101.jpg
val,143496.jpg
train,069696.jpg
train,034917.jpg
train,100356.jpg
train,031316.jpg
train,184951.jpg
train,110517.jpg
train,172098.jpg
val,151589.jpg
test,071586.jpg
train,054238.jpg
val,058898.jpg
train,086266.jpg
train,038761.jpg
test,054058.jpg
train,073018.jpg
train,062021.jpg
train,035463.jpg
train,012485.jpg
val,076894.jpg
train,000956.jpg
train,121715.jpg
train,157622.jpg
train,062677.jpg
train,095702.jpg
train,187540.jpg
val,091462.jpg
train,143825.jpg
train,170708.jpg
train,150227.jpg
train,037089.jpg
train,084035.jpg
train,143078.jpg
train,006802.jpg
train,177056.jpg
train,144452.jpg
train,199195.jpg
train,079824.jpg
train,179051.jpg
train,042117.jpg
train,010066.jpg
train,128963.jpg
train,174972.jpg
train,010960.jpg
train,117722.jpg
train,154299.jpg
train,056346.jpg
train,102313.jpg
train,079466.jpg
train,086199.jpg
train,057769.jpg
train,141084.jpg
train,081471.jpg
train,062278.jpg
train,090867.jpg
train,187557.jpg
train,050201.jpg
train,136642.jpg
train,124270.jpg
train,033093.jpg
train,154719.jpg
train,090291.jpg
train,181669.jpg
train,023595.jpg
train,082390.jpg
train,179554.jpg
train,020635.jpg
train,029250.jpg
train,088349.jpg
train,013896.jpg
train,119495.jpg
train,150784.jpg
train,028018.jpg
val,009856.jpg
train,132152.jpg
train,019228.jpg
train,184775.jpg
train,008333.jpg
train,022405.jpg
train,011784.jpg
train,069227.jpg
train,176771.jpg
train,097176.jpg
train,132430.jpg
train,082624.jpg
val,003100.jpg
train,057167.jpg
train,001675.jpg
train,010006.jpg
train,054385.jpg
train,008423.jpg
train,128106.jpg
train,168110.jpg
val,184642.jpg
train,201618.jpg
train,141807.jpg
train,130916.jpg
train,090556.jpg
train,079939.jpg
val,176877.jpg
train,188015.jpg
train,002191.jpg
train,146915.jpg
train,108705.jpg
train,102862.jpg
train,006325.jpg
train,080944.jpg
train,013880.jpg
train,155614.jpg
train,102482.jpg
train,194015.jpg
train,201891.jpg
train,152151.jpg
val,153536.jpg
train,186576.jpg
val,099482.jpg
train,167203.jpg
train,057613.jpg
train,029170.jpg
train,190771.jpg
val,014885.jpg
val,006111.jpg
train,080180.jpg
train,154601.jpg
train,153098.jpg
train,047958.jpg
train,191463.jpg
train,072450.jpg
train,049100.jpg
train,105431.jpg
val,089538.jpg
train,183954.jpg
train,093552.jpg
val,176837.jpg
train,148881.jpg
train,121413.jpg
train,170466.jpg
test,174281.jpg
train,116814.jpg
train,000671.jpg
train,189875.jpg
train,106240.jpg
test,189250.jpg
train,089380.jpg
train,125815.jpg
train,194766.jpg
train,063353.jpg
train,184426.jpg
train,164059.jpg
train,079431.jpg
train,047330.jpg
train,183257.jpg
train,056526.jpg
train,193053.jpg
val,050233.jpg
train,136582.jpg
train,154609.jpg
train,145189.jpg
train,194774.jpg
test,032538.jpg
train,020151.jpg
train,104717.jpg
train,134436.jpg
train,160812.jpg
train,017950.jpg
train,040267.jpg
train,144597.jpg
train,032352.jpg
train,015538.jpg
train,141758.jpg
train,032940.jpg
train,195169.jpg
train,030966.jpg
test,039585.jpg
val,135309.jpg
train,026635.jpg
train,043734.jpg
train,149127.jpg
val,197081.jpg
train,064712.jpg
val,132208.jpg
train,052811.jpg
train,034181.jpg
val,005709.jpg
train,184203.jpg
train,004080.jpg
train,030963.jpg
train,099536.jpg
train,041273.jpg
test,120087.jpg
val,198204.jpg
train,056767.jpg
train,164999.jpg
train,137397.jpg
train,119856.jpg
train,160913.jpg
train,179140.jpg
train,075181.jpg
train,128510.jpg
train,098134.jpg
train,200893.jpg
train,190699.jpg
train,199760.jpg
train,068151.jpg
test,058258.jpg
train,103148.jpg
train,029186.jpg
val,144046.jpg
train,111951.jpg
train,131297.jpg
train,107820.jpg
test,005587.jpg
train,132688.jpg
test,057698.jpg
val,142796.jpg
train,038190.jpg
train,025923.jpg
train,147617.jpg
train,033349.jpg
test,154721.jpg
train,040148.jpg
val,048565.jpg
train,099775.jpg
train,168716.jpg
train,081328.jpg
train,144409.jpg
train,196932.jpg
train,059593.jpg
train,081785.jpg
train,048498.jpg
test,087211.jpg
val,138622.jpg
train,145209.jpg
train,150817.jpg
test,154427.jpg
train,154546.jpg
val,039919.jpg
train,117491.jpg
train,069738.jpg
val,112356.jpg
train,014749.jpg
train,169476.jpg
train,090358.jpg
train,166742.jpg
train,121151.jpg
train,089567.jpg
val,174212.jpg
test,190310.jpg
test,036627.jpg
train,099608.jpg
train,192681.jpg
train,107979.jpg
train,152062.jpg
train,195231.jpg
train,162940.jpg
test,007535.jpg
train,168054.jpg
train,070872.jpg
train,069286.jpg
train,198925.jpg
train,184706.jpg
test,123985.jpg
test,038797.jpg
train,004437.jpg
train,039973.jpg
train,028146.jpg
train,158021.jpg
val,068355.jpg
train,168274.jpg
train,107906.jpg
train,160276.jpg
val,020358.jpg
train,202396.jpg
train,171087.jpg
train,093951.jpg
train,169507.jpg
train,196690.jpg
train,137394.jpg
train,143027.jpg
val,039771.jpg
train,043334.jpg
train,196247.jpg
train,166427.jpg
train,055110.jpg
train,008024.jpg
train,133553.jpg
train,146589.jpg
train,032180.jpg
train,118378.jpg
train,005941.jpg
train,133713.jpg
train,147222.jpg
train,028379.jpg
train,185635.jpg
val,077656.jpg
train,130572.jpg
test,096605.jpg
train,027094.jpg
val,151890.jpg
train,120257.jpg
train,012581.jpg
test,063850.jpg
train,049640.jpg
train,068428.jpg
train,066349.jpg
val,018033.jpg
val,002922.jpg
test,188295.jpg
train,026627.jpg
train,010108.jpg
train,121694.jpg
train,068373.jpg
train,035609.jpg
test,102019.jpg
train,066070.jpg
train,111021.jpg
train,068327.jpg
val,085679.jpg
test,167978.jpg
train,027495.jpg
train,076272.jpg
val,184343.jpg
train,179939.jpg
train,194295.jpg
train,084532.jpg
train,097543.jpg
train,065527.jpg
train,069825.jpg
train,085217.jpg
train,085694.jpg
train,094568.jpg
train,039318.jpg
train,066513.jpg
val,165703.jpg
val,109572.jpg
train,025626.jpg
train,121385.jpg
val,040345.jpg
train,164533.jpg
train,188267.jpg
train,155848.jpg
train,180564.jpg
val,166694.jpg
train,191246.jpg
train,043283.jpg
train,072586.jpg
train,070722.jpg
train,160325.jpg
train,115597.jpg
train,198527.jpg
train,038072.jpg
train,177577.jpg
train,108380.jpg
train,104724.jpg
train,017541.jpg
train,180857.jpg
train,034258.jpg
test,070929.jpg
train,044587.jpg
train,136658.jpg
train,036271.jpg
val,109521.jpg
train,034901.jpg
train,035176.jpg
train,156264.jpg
train,168202.jpg
train,183055.jpg
train,012615.jpg
train,112478.jpg
train,030692.jpg
val,132750.jpg
train,081913.jpg
train,008442.jpg
train,070851.jpg
train,148275.jpg
train,182118.jpg
train,009673.jpg
train,125248.jpg
train,063898.jpg
train,084128.jpg
test,072800.jpg
val,011077.jpg
val,112984.jpg
val,092219.jpg
train,062242.jpg
train,126807.jpg
train,149648.jpg
train,062213.jpg
train,030505.jpg
train,179297.jpg
val,013903.jpg
train,160633.jpg
train,052487.jpg
test,073944.jpg
train,098106.jpg
train,174767.jpg
train,129252.jpg
train,044127.jpg
train,108571.jpg
train,113795.jpg
train,044946.jpg
test,127951.jpg
train,194140.jpg
test,051976.jpg
train,095893.jpg
train,169797.jpg
train,008483.jpg
train,158660.jpg
train,149079.jpg
train,044937.jpg
train,034480.jpg
train,088545.jpg
train,185101.jpg
test,017701.jpg
train,055342.jpg
train,086780.jpg
train,012809.jpg
train,017304.jpg
train,196622.jpg
train,105367.jpg
train,113323.jpg
val,032337.jpg
train,166594.jpg
train,071579.jpg
val,145662.jpg
train,169350.jpg
val,060411.jpg
train,090444.jpg
train,046377.jpg
train,047003.jpg
train,066343.jpg
train,157806.jpg
train,158678.jpg
train,167751.jpg
train,181247.jpg
train,157311.jpg
train,110792.jpg
train,076392.jpg
train,202274.jpg
train,150857.jpg
test,053717.jpg
train,022213.jpg
train,199004.jpg
test,083978.jpg
train,168878.jpg
test,038278.jpg
train,079881.jpg
val,022562.jpg
val,070749.jpg
train,107245.jpg
train,068843.jpg
train,066673.jpg
train,124362.jpg
train,174333.jpg
train,007274.jpg
train,102896.jpg
train,008642.jpg
train,015615.jpg
train,106262.jpg
train,032111.jpg
train,092407.jpg
train,020294.jpg
train,067076.jpg
train,126360.jpg
train,184175.jpg
val,042816.jpg
train,189274.jpg
train,091919.jpg
train,019913.jpg
train,184411.jpg
train,028120.jpg
train,042856.jpg
train,060840.jpg
train,119544.jpg
train,162512.jpg
train,021410.jpg
train,128527.jpg
train,060369.jpg
train,160282.jpg
train,143740.jpg
train,138543.jpg
train,191615.jpg
train,153012.jpg
train,172196.jpg
val,014016.jpg
test,001860.jpg
train,100100.jpg
train,166856.jpg
train,111138.jpg
train,144030.jpg
train,133647.jpg
train,181382.jpg
train,021588.jpg
train,130956.jpg
train,070739.jpg
train,079692.jpg
train,118946.jpg
train,124250.jpg
train,084438.jpg
test,176679.jpg
test,119748.jpg
train,039268.jpg
train,094143.jpg
test,182982.jpg
train,117481.jpg
train,114515.jpg
val,143591.jpg
train,146560.jpg
train,046634.jpg
train,001270.jpg
test,152890.jpg
test,002789.jpg
train,079911.jpg
train,077355.jpg
train,114430.jpg
val,195319.jpg
train,112005.jpg
train,114566.jpg
val,029256.jpg
train,075544.jpg
train,087695.jpg
train,028341.jpg
test,126390.jpg
val,070315.jpg
train,054705.jpg
train,137212.jpg
train,044982.jpg
train,163567.jpg
val,202124.jpg
train,181505.jpg
test,165743.jpg
train,082275.jpg
test,195379.jpg
train,141543.jpg
train,138662.jpg
train,019013.jpg
train,198147.jpg
train,147582.jpg
train,024354.jpg
val,046115.jpg
train,133828.jpg
train,088883.jpg
train,129960.jpg
train,063760.jpg
train,183326.jpg
val,028943.jpg
train,083767.jpg
train,142837.jpg
train,199027.jpg
train,034566.jpg
train,015237.jpg
train,168561.jpg
train,202007.jpg
train,167042.jpg
train,002831.jpg
train,199091.jpg
train,009844.jpg
val,033469.jpg
val,052162.jpg
train,020135.jpg
train,037788.jpg
train,003150.jpg
train,154761.jpg
train,110990.jpg
train,155136.jpg
train,135727.jpg
train,029867.jpg
train,161285.jpg
train,184631.jpg
train,183428.jpg
train,108206.jpg
train,134859.jpg
train,078890.jpg
train,130148.jpg
train,089654.jpg
train,030258.jpg
train,046991.jpg
train,112553.jpg
train,061304.jpg
val,170964.jpg
train,037353.jpg
train,186572.jpg
test,105919.jpg
train,023869.jpg
train,128119.jpg
train,143835.jpg
train,146289.jpg
train,118246.jpg
train,035403.jpg
train,199374.jpg
train,162386.jpg
train,002233.jpg
train,131317.jpg
train,008084.jpg
train,039889.jpg
train,037263.jpg
train,126732.jpg
train,033932.jpg
train,111553.jpg
train,195407.jpg
val,041226.jpg
train,010050.jpg
train,178006.jpg
train,029423.jpg
train,172296.jpg
train,120190.jpg
train,060371.jpg
val,028170.jpg
test,076712.jpg
train,086718.jpg
train,032493.jpg
train,183624.jpg
train,082656.jpg
train,098050.jpg
train,052747.jpg
train,015923.jpg
train,024682.jpg
train,058215.jpg
test,174501.jpg
train,157017.jpg
test,050959.jpg
train,005396.jpg
train,178705.jpg
train,028855.jpg
train,094775.jpg
train,008251.jpg
train,012784.jpg
train,150028.jpg
train,194382.jpg
train,049384.jpg
test,030765.jpg
val,069573.jpg
test,027225.jpg
val,057298.jpg
train,075599.jpg
test,199503.jpg
train,062308.jpg
train,025903.jpg
train,160636.jpg
train,012695.jpg
train,153595.jpg
train,067370.jpg
val,086740.jpg
train,084624.jpg
train,171225.jpg
train,048552.jpg
train,068022.jpg
train,096218.jpg
train,023340.jpg
train,088690.jpg
train,082463.jpg
train,085247.jpg
val,035358.jpg
train,190389.jpg
train,088879.jpg
train,095788.jpg
train,067032.jpg
train,160740.jpg
train,177818.jpg
train,187537.jpg
train,136519.jpg
train,159785.jpg
train,030511.jpg
train,161394.jpg
train,003178.jpg
train,021000.jpg
test,026424.jpg
train,097270.jpg
train,122084.jpg
train,000526.jpg
train,145955.jpg
train,158500.jpg
val,015871.jpg
train,016182.jpg
train,117043.jpg
test,098457.jpg
train,031189.jpg
train,013194.jpg
train,160114.jpg
train,068177.jpg
train,151978.jpg
train,006319.jpg
val,081527.jpg
train,165113.jpg
train,115750.jpg
train,164746.jpg
train,045762.jpg
train,144896.jpg
train,091923.jpg
train,085073.jpg
train,110618.jpg
test,007228.jpg
train,012130.jpg
train,047360.jpg
train,122070.jpg
train,083311.jpg
train,087903.jpg
train,098603.jpg
train,183687.jpg
train,170495.jpg
test,062824.jpg
train,040972.jpg
val,048411.jpg
test,188912.jpg
train,180311.jpg
train,033432.jpg
val,126797.jpg
test,044289.jpg
train,157948.jpg
train,067562.jpg
train,030233.jpg
test,104400.jpg
val,005850.jpg
train,180013.jpg
train,096439.jpg
val,008796.jpg
train,012651.jpg
train,083884.jpg
train,115675.jpg
train,188368.jpg
train,152913.jpg
train,195606.jpg
train,123414.jpg
test,145585.jpg
train,006211.jpg
train,150730.jpg
train,040136.jpg
train,174354.jpg
val,119301.jpg
val,024571.jpg
train,108506.jpg
train,074146.jpg
val,087939.jpg
train,049773.jpg
train,188547.jpg
train,078189.jpg
train,039252.jpg
train,119815.jpg
train,097343.jpg
train,169278.jpg
train,184435.jpg
train,123620.jpg
train,128082.jpg
train,070388.jpg
test,191757.jpg
train,016363.jpg
test,020912.jpg
train,121601.jpg
train,057312.jpg
val,179728.jpg
test,059928.jpg
train,168962.jpg
train,104777.jpg
train,131301.jpg
train,042808.jpg
train,179918.jpg
train,017657.jpg
train,176558.jpg
train,101909.jpg
train,198347.jpg
train,090627.jpg
val,188935.jpg
train,064092.jpg
train,158503.jpg
test,014170.jpg
test,047518.jpg
train,196173.jpg
train,147734.jpg
val,104616.jpg
val,194809.jpg
train,123612.jpg
test,132905.jpg
test,046317.jpg
train,167232.jpg
train,125962.jpg
train,033977.jpg
train,162146.jpg
train,019459.jpg
train,175271.jpg
train,061612.jpg
train,002761.jpg
train,040172.jpg
train,071474.jpg
train,173374.jpg
val,077090.jpg
train,044877.jpg
train,091254.jpg
train,201580.jpg
train,047340.jpg
train,183000.jpg
train,083919.jpg
train,150364.jpg
val,039633.jpg
train,086227.jpg
train,127621.jpg
train,073690.jpg
train,115382.jpg
train,155594.jpg
train,106569.jpg
val,177855.jpg
train,122933.jpg
train,080064.jpg
train,164200.jpg
train,009137.jpg
train,195467.jpg
train,197073.jpg
train,001914.jpg
test,166811.jpg
train,061932.jpg
train,189223.jpg
train,186619.jpg
train,105415.jpg
train,108388.jpg
train,086929.jpg
train,106197.jpg
train,117592.jpg
train,094710.jpg
train,147686.jpg
train,039135.jpg
train,106870.jpg
train,073188.jpg
train,130859.jpg
train,107216.jpg
train,013676.jpg
train,010405.jpg
train,048460.jpg
train,134644.jpg
val,026804.jpg
train,180718.jpg
val,064591.jpg
val,063162.jpg
train,120417.jpg
val,085584.jpg
train,175325.jpg
train,125239.jpg
train,045552.jpg
train,076446.jpg
train,049033.jpg
val,137384.jpg
val,179335.jpg
train,068064.jpg
train,044958.jpg
train,136928.jpg
train,162612.jpg
train,017268.jpg
train,193391.jpg
train,119323.jpg
test,160158.jpg
train,101318.jpg
test,157364.jpg
val,011265.jpg
train,086526.jpg
train,058097.jpg
test,002609.jpg
train,049607.jpg
train,138391.jpg
train,153158.jpg
train,196412.jpg
train,068194.jpg
train,190737.jpg
train,188565.jpg
val,117171.jpg
val,098277.jpg
train,025163.jpg
train,175490.jpg
train,064287.jpg
train,032483.jpg
test,184729.jpg
test,043474.jpg
train,164620.jpg
train,101868.jpg
train,109009.jpg
test,002569.jpg
train,029105.jpg
train,012004.jpg
train,076147.jpg
train,098451.jpg
train,021476.jpg
train,171292.jpg
train,109410.jpg
train,089616.jpg
train,175648.jpg
train,140946.jpg
train,133890.jpg
train,091810.jpg
train,048842.jpg
test,060712.jpg
train,116840.jpg
val,170712.jpg
train,197803.jpg
train,136385.jpg
train,111234.jpg
train,068699.jpg
train,081699.jpg
val,187756.jpg
train,074358.jpg
train,119310.jpg
train,177209.jpg
train,033807.jpg
test,096478.jpg
val,083623.jpg
train,091574.jpg
train,040654.jpg
train,134260.jpg
test,113711.jpg
train,026148.jpg
train,009767.jpg
train,173108.jpg
train,093120.jpg
train,093228.jpg
train,008574.jpg
train,119831.jpg
train,128257.jpg
train,178591.jpg
train,031193.jpg
train,109169.jpg
train,163319.jpg
train,116171.jpg
train,014161.jpg
test,130409.jpg
train,118180.jpg
train,011880.jpg
train,006585.jpg
train,125687.jpg
train,129468.jpg
train,031601.jpg
train,016243.jpg
train,010444.jpg
train,003632.jpg
train,095232.jpg
test,145221.jpg
train,146699.jpg
train,197765.jpg
train,125713.jpg
val,176356.jpg
train,158427.jpg
train,152080.jpg
train,172545.jpg
train,081417.jpg
test,158792.jpg
train,145433.jpg
train,050424.jpg
train,019694.jpg
train,176787.jpg
val,114089.jpg
val,075721.jpg
test,111503.jpg
test,033146.jpg
train,000037.jpg
test,091739.jpg
train,088375.jpg
test,198016.jpg
train,045971.jpg
train,049300.jpg
train,188320.jpg
train,198611.jpg
train,107972.jpg
train,031368.jpg
val,157855.jpg
train,156507.jpg
train,149256.jpg
train,171652.jpg
train,078570.jpg
val,036305.jpg
train,060627.jpg
train,040173.jpg
train,115272.jpg
train,186854.jpg
train,118887.jpg
train,038911.jpg
train,164458.jpg
train,078544.jpg
train,031242.jpg
train,130399.jpg
train,094978.jpg
train,135011.jpg
train,138754.jpg
train,135227.jpg
val,013134.jpg
train,059780.jpg
train,098827.jpg
train,061819.jpg
val,001074.jpg
train,003166.jpg
train,171363.jpg
train,101052.jpg
train,085668.jpg
train,048264.jpg
train,182958.jpg
train,059420.jpg
train,013758.jpg
train,090332.jpg
train,142052.jpg
train,132372.jpg
train,035414.jpg
val,129498.jpg
train,048882.jpg
train,100706.jpg
train,160818.jpg
train,086520.jpg
train,120194.jpg
train,169415.jpg
train,134018.jpg
train,114217.jpg
train,048546.jpg
train,196688.jpg
val,170540.jpg
train,125594.jpg
train,146804.jpg
train,137008.jpg
train,052292.jpg
train,050163.jpg
val,128778.jpg
train,088045.jpg
test,042191.jpg
train,181973.jpg
train,184148.jpg
train,136735.jpg
train,091403.jpg
train,141761.jpg
train,086783.jpg
val,087071.jpg
train,007369.jpg
train,142295.jpg
train,050865.jpg
val,111743.jpg
train,187051.jpg
val,165353.jpg
train,056157.jpg
train,172692.jpg
train,136460.jpg
train,042421.jpg
train,195935.jpg
val,075845.jpg
train,032211.jpg
val,022199.jpg
train,096145.jpg
train,190982.jpg
train,083808.jpg
train,079401.jpg
train,050657.jpg
train,155871.jpg
train,001916.jpg
train,049220.jpg
train,032550.jpg
val,060644.jpg
test,013432.jpg
train,046860.jpg
train,017887.jpg
val,180468.jpg
train,190967.jpg
train,121177.jpg
train,129005.jpg
train,074244.jpg
train,047825.jpg
val,021197.jpg
train,124126.jpg
train,064064.jpg
train,162947.jpg
val,162670.jpg
train,191186.jpg
val,201357.jpg
train,061073.jpg
train,202205.jpg
test,091173.jpg
test,119865.jpg
train,065556.jpg
test,055022.jpg
train,016897.jpg
train,058415.jpg
train,167341.jpg
train,008216.jpg
train,034910.jpg
train,065166.jpg
test,154993.jpg
train,193106.jpg
train,150917.jpg
train,163355.jpg
train,133010.jpg
train,072046.jpg
test,085857.jpg
val,039965.jpg
train,024803.jpg
train,012043.jpg
train,063047.jpg
train,103175.jpg
train,078744.jpg
train,076836.jpg
train,193079.jpg
train,005105.jpg
train,105588.jpg
train,067760.jpg
train,051998.jpg
train,124290.jpg
train,107497.jpg
train,020860.jpg
train,049199.jpg
train,027076.jpg
train,023505.jpg
train,100072.jpg
train,074659.jpg
train,123957.jpg
train,102963.jpg
train,185107.jpg
train,140857.jpg
train,092863.jpg
train,054653.jpg
train,115627.jpg
train,156179.jpg
train,058229.jpg
train,144992.jpg
train,060480.jpg
test,186317.jpg
train,096248.jpg
train,150766.jpg
train,164553.jpg
train,009480.jpg
train,138443.jpg
train,197195.jpg
train,171446.jpg
train,044684.jpg
train,143091.jpg
train,005701.jpg
train,089852.jpg
train,175815.jpg
train,098440.jpg
test,196461.jpg
train,010666.jpg
train,007948.jpg
train,091417.jpg
train,071194.jpg
train,087843.jpg
test,167610.jpg
train,116136.jpg
train,021529.jpg
train,058448.jpg
train,022294.jpg
train,201109.jpg
val,171221.jpg
train,186336.jpg
train,007700.jpg
train,068773.jpg
train,185944.jpg
train,064404.jpg
train,103905.jpg
train,015177.jpg
train,082919.jpg
train,147187.jpg
train,172593.jpg
val,029913.jpg
train,087991.jpg
train,128261.jpg
train,026711.jpg
train,094365.jpg
test,078888.jpg
train,086896.jpg
train,106206.jpg
train,073706.jpg
test,104223.jpg
train,112683.jpg
train,155777.jpg
train,098891.jpg
train,039363.jpg
test,127672.jpg
train,147889.jpg
train,184273.jpg
train,167692.jpg
train,134055.jpg
train,028908.jpg
test,084092.jpg
train,104742.jpg
val,050523.jpg
train,039162.jpg
train,057786.jpg
train,174587.jpg
train,163312.jpg
train,043987.jpg
train,176200.jpg
train,093406.jpg
test,083166.jpg
train,161323.jpg
test,045079.jpg
train,187550.jpg
train,148679.jpg
train,012370.jpg
val,045997.jpg
train,016730.jpg
train,028495.jpg
train,195604.jpg
train,030476.jpg
test,077264.jpg
train,034090.jpg
train,038424.jpg
train,155204.jpg
train,134700.jpg
train,186110.jpg
train,066077.jpg
val,134985.jpg
val,148787.jpg
train,167939.jpg
val,011887.jpg
train,196485.jpg
train,062539.jpg
train,017861.jpg
train,169420.jpg
train,145606.jpg
train,024473.jpg
train,044918.jpg
train,180370.jpg
train,145122.jpg
train,080186.jpg
train,043554.jpg
train,052189.jpg
train,178907.jpg
train,085385.jpg
train,196811.jpg
train,082283.jpg
train,088655.jpg
val,113725.jpg
train,095079.jpg
train,157698.jpg
train,018139.jpg
train,111205.jpg
train,135822.jpg
train,008032.jpg
train,082014.jpg
train,109277.jpg
train,057302.jpg
train,024464.jpg
train,030329.jpg
train,198615.jpg
train,041806.jpg
train,151967.jpg
train,184909.jpg
train,138209.jpg
train,198101.jpg
train,149974.jpg
train,059710.jpg
train,117046.jpg
train,060581.jpg
test,025672.jpg
train,065245.jpg
train,046156.jpg
train,078356.jpg
train,036983.jpg
train,136059.jpg
train,076053.jpg
train,095797.jpg
train,178461.jpg
train,046287.jpg
train,041759.jpg
val,109444.jpg
val,157552.jpg
train,118881.jpg
train,097672.jpg
train,006685.jpg
train,159070.jpg
train,087881.jpg
train,041164.jpg
train,041474.jpg
train,099547.jpg
train,199816.jpg
train,097649.jpg
train,087507.jpg
train,195600.jpg
train,030440.jpg
train,147250.jpg
train,055956.jpg
val,105647.jpg
train,016087.jpg
train,074092.jpg
test,153260.jpg
val,073911.jpg
train,150080.jpg
val,068402.jpg
train,171078.jpg
train,071870.jpg
train,054820.jpg
train,070682.jpg
train,186447.jpg
val,053886.jpg
train,162138.jpg
train,002839.jpg
train,098505.jpg
train,176338.jpg
train,122700.jpg
train,007749.jpg
train,020908.jpg
train,152436.jpg
train,139007.jpg
train,078209.jpg
val,089714.jpg
train,159128.jpg
train,077988.jpg
train,139296.jpg
train,105488.jpg
train,162002.jpg
train,064186.jpg
train,059561.jpg
train,019215.jpg
train,187493.jpg
train,117762.jpg
train,132364.jpg
train,016660.jpg
train,084634.jpg
train,194992.jpg
train,010005.jpg
train,145304.jpg
train,051078.jpg
train,177094.jpg
train,097872.jpg
train,183157.jpg
train,150348.jpg
train,029480.jpg
test,143448.jpg
train,035480.jpg
train,037717.jpg
test,011667.jpg
train,191461.jpg
train,100893.jpg
test,197466.jpg
train,061721.jpg
test,173019.jpg
train,060165.jpg
train,059365.jpg
val,129651.jpg
train,101440.jpg
train,094259.jpg
train,028311.jpg
train,116855.jpg
train,118919.jpg
train,154209.jpg
val,118222.jpg
train,150325.jpg
train,097437.jpg
train,108588.jpg
train,180229.jpg
train,190224.jpg
train,113793.jpg
train,131830.jpg
train,055958.jpg
train,013610.jpg
train,086727.jpg
train,133346.jpg
train,057484.jpg
train,020273.jpg
train,003614.jpg
val,114499.jpg
train,030350.jpg
train,128515.jpg
train,063799.jpg
train,082831.jpg
train,026056.jpg
val,054222.jpg
train,089074.jpg
train,107401.jpg
train,169881.jpg
train,143387.jpg
train,067432.jpg
train,061077.jpg
train,119729.jpg
train,132170.jpg
train,070503.jpg
train,187187.jpg
train,072355.jpg
val,034804.jpg
train,125477.jpg
train,116503.jpg
train,053876.jpg
test,111446.jpg
train,137372.jpg
train,099996.jpg
train,110611.jpg
train,139264.jpg
test,017688.jpg
train,141028.jpg
val,116383.jpg
train,003085.jpg
train,163491.jpg
train,033230.jpg
train,085714.jpg
train,173041.jpg
train,030371.jpg
train,057763.jpg
train,144674.jpg
test,057208.jpg
train,131555.jpg
val,088193.jpg
train,020160.jpg
train,046002.jpg
test,188622.jpg
train,018228.jpg
train,072981.jpg
train,171617.jpg
train,096255.jpg
train,042942.jpg
train,131467.jpg
train,002837.jpg
train,163730.jpg
train,044891.jpg
train,161835.jpg
train,180627.jpg
val,000503.jpg
train,135050.jpg
val,199331.jpg
train,116485.jpg
train,071644.jpg
train,083570.jpg
test,040304.jpg
train,064149.jpg
train,143894.jpg
train,042654.jpg
train,169384.jpg
train,182070.jpg
train,023358.jpg
train,119576.jpg
train,035474.jpg
train,164707.jpg
train,139538.jpg
train,042748.jpg
train,024878.jpg
train,121512.jpg
train,101519.jpg
train,106364.jpg
train,043411.jpg
train,102133.jpg
test,026126.jpg
train,096180.jpg
train,131765.jpg
test,145404.jpg
train,011183.jpg
train,065262.jpg
val,102557.jpg
train,036343.jpg
train,075028.jpg
train,039528.jpg
train,057804.jpg
train,161125.jpg
train,023756.jpg
train,098494.jpg
train,176030.jpg
train,173917.jpg
train,046845.jpg
train,100753.jpg
train,076191.jpg
val,164402.jpg
train,200806.jpg
train,035348.jpg
train,037714.jpg
train,060358.jpg
val,008559.jpg
val,172138.jpg
train,048372.jpg
train,172170.jpg
train,121519.jpg
val,041173.jpg
train,015256.jpg
train,158786.jpg
train,101121.jpg
train,013836.jpg
train,051024.jpg
train,029916.jpg
train,047658.jpg
train,174635.jpg
train,171137.jpg
test,094268.jpg
train,143444.jpg
train,034766.jpg
train,187809.jpg
train,106249.jpg
train,068652.jpg
train,056536.jpg
val,133563.jpg
test,129319.jpg
train,091306.jpg
train,121107.jpg
train,059651.jpg
train,113593.jpg
train,192568.jpg
train,014713.jpg
test,131580.jpg
train,078038.jpg
train,030418.jpg
train,155321.jpg
train,136537.jpg
train,178499.jpg
train,049818.jpg
train,075387.jpg
train,054646.jpg
train,028508.jpg
test,096166.jpg
test,108275.jpg
train,068804.jpg
train,056710.jpg
train,169984.jpg
train,103819.jpg
train,166717.jpg
train,163532.jpg
train,121370.jpg
train,007732.jpg
train,032195.jpg
train,149225.jpg
train,023183.jpg
train,183853.jpg
train,071387.jpg
train,139155.jpg
train,016405.jpg
train,185379.jpg
train,201794.jpg
train,064878.jpg
train,102267.jpg
train,089109.jpg
train,154665.jpg
train,122324.jpg
val,067612.jpg
train,202241.jpg
val,140363.jpg
test,011796.jpg
train,126325.jpg
train,081572.jpg
train,099978.jpg
train,014151.jpg
train,050845.jpg
train,115919.jpg
train,064302.jpg
train,125725.jpg
train,174627.jpg
val,165906.jpg
train,178250.jpg
train,086989.jpg
train,184046.jpg
train,006550.jpg
train,024117.jpg
train,065126.jpg
train,125429.jpg
train,058000.jpg
train,098295.jpg
train,075556.jpg
train,150865.jpg
train,076313.jpg
train,162117.jpg
test,166836.jpg
train,118906.jpg
train,055317.jpg
train,030997.jpg
train,011468.jpg
train,086518.jpg
train,031400.jpg
test,053077.jpg
train,087322.jpg
train,096088.jpg
train,189893.jpg
train,080520.jpg
test,116085.jpg
train,059078.jpg
train,185932.jpg
train,157538.jpg
train,068154.jpg
train,019739.jpg
train,195649.jpg
train,007985.jpg
train,018213.jpg
train,082753.jpg
train,089198.jpg
train,065545.jpg
train,201945.jpg
train,030081.jpg
train,149801.jpg
train,037413.jpg
train,039531.jpg
train,104730.jpg
train,046398.jpg
test,109529.jpg
val,082920.jpg
train,187840.jpg
train,168533.jpg
train,125122.jpg
train,083721.jpg
train,157594.jpg
train,090955.jpg
train,004903.jpg
train,007718.jpg
train,072123.jpg
test,128328.jpg
train,137783.jpg
train,082604.jpg
test,056078.jpg
train,194894.jpg
train,051523.jpg
train,146483.jpg
train,093476.jpg
val,127258.jpg
train,102284.jpg
train,186252.jpg
train,158191.jpg
train,117906.jpg
train,165032.jpg
train,054545.jpg
train,110720.jpg
test,190951.jpg
train,123931.jpg
train,104558.jpg
train,140233.jpg
train,083308.jpg
train,155653.jpg
train,048418.jpg
train,050274.jpg
train,075751.jpg
train,064604.jpg
train,159675.jpg
train,043977.jpg
train,100549.jpg
train,018357.jpg
train,132278.jpg
train,133269.jpg
train,036568.jpg
val,107953.jpg
train,177538.jpg
train,161367.jpg
train,187066.jpg
test,037008.jpg
test,169793.jpg
train,161602.jpg
train,101398.jpg
train,042335.jpg
train,004543.jpg
train,200743.jpg
train,168694.jpg
train,159507.jpg
train,181732.jpg
val,193797.jpg
train,157820.jpg
train,101754.jpg
test,082382.jpg
train,002310.jpg
train,090564.jpg
train,169090.jpg
train,096241.jpg
test,117284.jpg
train,196888.jpg
train,151667.jpg
train,045693.jpg
test,084617.jpg
test,099753.jpg
train,020348.jpg
train,134136.jpg
train,201085.jpg
train,100195.jpg
train,066616.jpg
val,004025.jpg
train,184828.jpg
val,127104.jpg
train,172383.jpg
train,082559.jpg
train,170932.jpg
train,118671.jpg
train,007666.jpg
train,099694.jpg
train,196022.jpg
train,190677.jpg
test,113354.jpg
train,131951.jpg
train,034176.jpg
test,083134.jpg
train,035496.jpg
train,003538.jpg
train,154007.jpg
train,105889.jpg
val,097695.jpg
train,190513.jpg
train,122719.jpg
train,053734.jpg
train,195654.jpg
train,011675.jpg
train,144544.jpg
train,124716.jpg
train,087739.jpg
train,168460.jpg
test,157336.jpg
train,048031.jpg
train,190632.jpg
train,139570.jpg
val,026982.jpg
train,057301.jpg
val,135307.jpg
train,115971.jpg
train,045049.jpg
train,196020.jpg
train,124616.jpg
train,050922.jpg
test,026045.jpg
train,106820.jpg
val,041544.jpg
val,118152.jpg
train,057089.jpg
train,028173.jpg
train,106824.jpg
train,190963.jpg
train,148094.jpg
test,098471.jpg
train,073154.jpg
train,030925.jpg
train,182906.jpg
train,197905.jpg
val,062462.jpg
train,017232.jpg
train,042355.jpg
train,078102.jpg
val,041300.jpg
train,159781.jpg
train,152405.jpg
train,163392.jpg
train,052534.jpg
train,086607.jpg
train,031566.jpg
train,122861.jpg
train,179604.jpg
train,069655.jpg
train,112785.jpg
train,122928.jpg
train,058691.jpg
train,123844.jpg
train,006776.jpg
train,025056.jpg
train,158516.jpg
train,035113.jpg
train,184600.jpg
train,075004.jpg
train,170398.jpg
train,002711.jpg
train,076339.jpg
train,172614.jpg
train,023367.jpg
train,162083.jpg
train,194717.jpg
train,114767.jpg
train,140526.jpg
train,178576.jpg
train,068054.jpg
train,140540.jpg
train,060648.jpg
train,169002.jpg
train,046292.jpg
train,048227.jpg
train,015410.jpg
test,106639.jpg
train,032441.jpg
train,081042.jpg
test,110495.jpg
train,117139.jpg
train,009585.jpg
train,159129.jpg
test,052320.jpg
train,159188.jpg
train,045115.jpg
train,077193.jpg
train,129827.jpg
train,057861.jpg
train,038853.jpg
train,011291.jpg
train,122797.jpg
train,101962.jpg
train,023429.jpg
train,107993.jpg
train,191913.jpg
train,146938.jpg
train,069610.jpg
train,005214.jpg
train,184197.jpg
val,152232.jpg
train,140322.jpg
train,159456.jpg
train,010068.jpg
train,112626.jpg
train,115696.jpg
train,137393.jpg
train,052021.jpg
train,096739.jpg
train,166473.jpg
train,139871.jpg
test,184354.jpg
val,059933.jpg
train,078239.jpg
train,050979.jpg
val,181775.jpg
train,015662.jpg
train,005567.jpg
train,059446.jpg
val,115820.jpg
train,038527.jpg
test,180408.jpg
train,021400.jpg
train,010605.jpg
train,177797.jpg
train,031928.jpg
test,022588.jpg
train,176078.jpg
val,005275.jpg
train,147012.jpg
train,109805.jpg
train,035308.jpg
train,153044.jpg
train,057853.jpg
train,129979.jpg
train,034193.jpg
train,138747.jpg
train,174876.jpg
test,125845.jpg
test,170806.jpg
test,141707.jpg
train,005722.jpg
test,091762.jpg
train,076477.jpg
train,083964.jpg
train,095954.jpg
train,165502.jpg
train,196219.jpg
train,029968.jpg
train,130591.jpg
train,007358.jpg
train,178192.jpg
train,092449.jpg
val,153990.jpg
train,065649.jpg
train,004835.jpg
train,155396.jpg
train,143775.jpg
train,189880.jpg
val,076690.jpg
test,109370.jpg
train,180951.jpg
train,068481.jpg
train,042462.jpg
train,178295.jpg
train,032871.jpg
train,085851.jpg
train,127397.jpg
train,153404.jpg
test,089596.jpg
train,084122.jpg
train,123899.jpg
train,116800.jpg
train,158626.jpg
train,200702.jpg
train,105320.jpg
train,111254.jpg
train,176742.jpg
train,093562.jpg
train,106199.jpg
train,132245.jpg
train,046938.jpg
train,026177.jpg
train,085164.jpg
train,086970.jpg
test,053524.jpg
test,106120.jpg
train,170574.jpg
train,143281.jpg
test,094018.jpg
train,115062.jpg
train,158041.jpg
test,190366.jpg
val,036933.jpg
train,182732.jpg
train,085333.jpg
train,099654.jpg
train,080153.jpg
train,099566.jpg
train,061417.jpg
train,102350.jpg
train,105611.jpg
test,049632.jpg
train,202009.jpg
train,125560.jpg
train,122829.jpg
train,144082.jpg
train,096662.jpg
train,195520.jpg
train,006231.jpg
train,067006.jpg
train,168940.jpg
train,029914.jpg
train,051202.jpg
train,087473.jpg
val,102762.jpg
train,090122.jpg
train,028542.jpg
train,037399.jpg
train,030934.jpg
val,182815.jpg
train,184199.jpg
val,043430.jpg
train,068228.jpg
train,129362.jpg
train,142624.jpg
train,015722.jpg
train,122673.jpg
train,112790.jpg
test,143235.jpg
train,181522.jpg
train,113028.jpg
train,038555.jpg
test,031768.jpg
train,076721.jpg
val,000431.jpg
train,174988.jpg
train,010962.jpg
train,097262.jpg
train,103735.jpg
train,159973.jpg
train,195355.jpg
test,013225.jpg
train,195110.jpg
train,176605.jpg
train,130335.jpg
train,141937.jpg
val,164386.jpg
train,047525.jpg
train,117550.jpg
train,107921.jpg
train,121269.jpg
train,018264.jpg
val,074697.jpg
test,004869.jpg
train,133867.jpg
train,136161.jpg
val,147947.jpg
train,072784.jpg
train,023966.jpg
train,076947.jpg
train,012700.jpg
val,044442.jpg
train,189608.jpg
train,007839.jpg
train,076549.jpg
train,163773.jpg
train,065650.jpg
train,089836.jpg
train,005175.jpg
train,041216.jpg
train,105016.jpg
train,044134.jpg
train,183147.jpg
train,192333.jpg
train,127323.jpg
train,032185.jpg
train,117095.jpg
train,036296.jpg
train,131007.jpg
val,028961.jpg
train,037815.jpg
train,173557.jpg
train,039372.jpg
train,149090.jpg
train,167434.jpg
train,020126.jpg
train,126207.jpg
train,029461.jpg
train,186245.jpg
val,043082.jpg
train,019860.jpg
train,037173.jpg
test,096650.jpg
val,147538.jpg
test,045964.jpg
train,160465.jpg
train,165814.jpg
train,179482.jpg
train,040122.jpg
train,066061.jpg
train,165324.jpg
train,037797.jpg
train,074295.jpg
train,090101.jpg
train,007679.jpg
train,119732.jpg
val,050939.jpg
test,171216.jpg
train,147949.jpg
train,149418.jpg
train,132447.jpg
train,014851.jpg
train,177617.jpg
train,009545.jpg
train,023836.jpg
train,152533.jpg
train,144011.jpg
test,190244.jpg
train,002006.jpg
train,012836.jpg
train,187314.jpg
train,009849.jpg
train,028073.jpg
train,038054.jpg
train,097780.jpg
val,087337.jpg
train,024634.jpg
test,111066.jpg
test,043518.jpg
train,194479.jpg
test,052242.jpg
train,035561.jpg
train,081645.jpg
train,102986.jpg
train,012447.jpg
train,084715.jpg
train,161858.jpg
train,002503.jpg
train,128544.jpg
test,013393.jpg
train,089152.jpg
train,159323.jpg
train,186951.jpg
train,187800.jpg
train,071137.jpg
train,147206.jpg
train,032423.jpg
train,134538.jpg
train,125141.jpg
train,121075.jpg
train,201663.jpg
train,135985.jpg
train,107980.jpg
train,145858.jpg
train,136139.jpg
train,070264.jpg
train,101944.jpg
train,166448.jpg
train,129142.jpg
val,193933.jpg
train,176659.jpg
test,066325.jpg
train,000895.jpg
train,100917.jpg
train,176212.jpg
train,177302.jpg
train,055780.jpg
train,059646.jpg
train,057948.jpg
train,193602.jpg
train,168892.jpg
train,092572.jpg
test,088164.jpg
train,019120.jpg
train,035156.jpg
val,065916.jpg
train,141677.jpg
val,038074.jpg
train,000823.jpg
train,011040.jpg
train,042860.jpg
train,062651.jpg
train,119369.jpg
train,017284.jpg
test,168862.jpg
train,122333.jpg
train,037522.jpg
val,085720.jpg
train,177962.jpg
train,016996.jpg
val,120416.jpg
train,033152.jpg
train,129324.jpg
test,018638.jpg
train,135755.jpg
train,165076.jpg
train,073392.jpg
train,109660.jpg
val,117431.jpg
train,093847.jpg
train,165609.jpg
train,017039.jpg
train,016970.jpg
train,058015.jpg
train,126308.jpg
train,042120.jpg
train,106815.jpg
train,133636.jpg
train,075233.jpg
train,036903.jpg
train,175927.jpg
train,041441.jpg
train,007167.jpg
train,110544.jpg
train,167732.jpg
train,022928.jpg
train,116045.jpg
train,102999.jpg
train,136085.jpg
train,086540.jpg
train,049695.jpg
test,095511.jpg
train,027903.jpg
train,143229.jpg
train,126616.jpg
test,200578.jpg
test,120371.jpg
train,167220.jpg
train,136366.jpg
train,166803.jpg
train,098954.jpg
train,082868.jpg
train,085597.jpg
train,000539.jpg
train,050882.jpg
train,102988.jpg
train,077397.jpg
train,145113.jpg
train,028940.jpg
train,031625.jpg
train,121588.jpg
train,112762.jpg
train,031952.jpg
test,089169.jpg
train,082335.jpg
train,096943.jpg
train,179385.jpg
train,037791.jpg
train,084653.jpg
train,063170.jpg
train,169583.jpg
train,062381.jpg
train,198764.jpg
val,070922.jpg
train,088787.jpg
val,059068.jpg
train,049536.jpg
train,101642.jpg
train,043131.jpg
train,004032.jpg
train,028636.jpg
test,034705.jpg
train,183310.jpg
train,048145.jpg
train,016888.jpg
test,086485.jpg
train,098173.jpg
train,052146.jpg
train,149548.jpg
train,123787.jpg
train,073614.jpg
train,004786.jpg
train,081096.jpg
train,157002.jpg
train,034981.jpg
train,018636.jpg
test,131209.jpg
train,160974.jpg
train,142539.jpg
train,051757.jpg
train,173318.jpg
train,095149.jpg
